id;codigo;nombre;url;correo
1;Industrial;connect Markets Chief;https://mona.org;Awesome
2;Aruba;software scale interactive;https://kyler.info;mission-critical Faroe Islands Plastic
3;Car Industrial deliverables;orange Books;https://cloyd.net;application quantify Unbranded Plastic Tuna
4;Internal;Investment Account archive Fantastic Plastic Chicken;http://mandy.net;withdrawal COM
5;embrace Developer;synthesize Idaho compress;http://aliza.name;partnerships Grocery Intelligent
6;Dynamic;knowledge base Buckinghamshire;https://broderick.biz;relationships override
7;Brand;neutral Salad;https://lindsey.net;deposit
8;Squares mint green e-business;Ghana back-end National;http://sven.com;Profit-focused
9;Jewelery cutting-edge;Games;https://kaden.info;magenta Concrete
10;User-centric Gloves;Mauritania;https://guido.info;Engineer
